<?xml version="1.0" encoding="UTF-8"?>
<!-- created with http://www.physicseditor.de -->
<bodydef version="1.0">
	<bodies>

		<body name="backpack">
            <anchorpoint>0.5000,0.5000</anchorpoint>
			<fixtures>

				<fixture>
					<density>2</density>
					<friction>0.5</friction>
					<restitution>0.1</restitution>
					<filter_categoryBits>8</filter_categoryBits>
					<filter_groupIndex>0</filter_groupIndex>
					<filter_maskBits>65535</filter_maskBits>
					<fixture_type>POLYGON</fixture_type>


					<polygons>

                        <polygon>  19.5000, 95.0000  ,  -11.5000, 89.0000  ,  -14.5000, 77.0000  ,  23.5000, 73.0000 </polygon>

                        <polygon>  -51.5000, -87.0000  ,  8.5000, -95.0000  ,  64.5000, -82.0000  ,  77.5000, -71.0000  ,  78.5000, -14.0000  ,  -77.5000, -19.0000  ,  -70.5000, -52.0000 </polygon>

                        <polygon>  -26.5000, 86.0000  ,  -44.5000, 83.0000  ,  -69.5000, 56.0000  ,  -78.5000, 22.0000  ,  -77.5000, -19.0000  ,  -14.5000, 77.0000 </polygon>

                        <polygon>  61.5000, 53.0000  ,  23.5000, 73.0000  ,  -14.5000, 77.0000  ,  -77.5000, -19.0000  ,  78.5000, -14.0000 </polygon>

					</polygons>

				</fixture>

			</fixtures>
		</body>

		<body name="banana">
            <anchorpoint>0.5000,0.2874</anchorpoint>
			<fixtures>

				<fixture>
					<density>1</density>
					<friction>0.5</friction>
					<restitution>0.5</restitution>
					<filter_categoryBits>4</filter_categoryBits>
					<filter_groupIndex>0</filter_groupIndex>
					<filter_maskBits>65535</filter_maskBits>
					<fixture_type>POLYGON</fixture_type>


					<polygons>

                        <polygon>  74.5000, 82.5000  ,  54.5000, 68.5000  ,  55.5000, 54.5000  ,  75.5000, 11.5000  ,  81.5000, 62.5000 </polygon>

                        <polygon>  55.5000, 54.5000  ,  39.5000, 33.5000  ,  12.5000, -27.5000  ,  51.5000, -14.5000  ,  75.5000, 11.5000 </polygon>

                        <polygon>  -78.5000, 37.5000  ,  -77.5000, 15.5000  ,  -62.5000, -5.5000  ,  -8.5000, -27.5000  ,  -17.5000, 21.5000  ,  -67.5000, 42.5000 </polygon>

                        <polygon>  -17.5000, 21.5000  ,  -8.5000, -27.5000  ,  12.5000, -27.5000  ,  16.5000, 20.5000 </polygon>

                        <polygon>  39.5000, 33.5000  ,  16.5000, 20.5000  ,  12.5000, -27.5000 </polygon>

					</polygons>

				</fixture>

			</fixtures>
		</body>

		<body name="bananabunch">
            <anchorpoint>0.5000,0.4000</anchorpoint>
			<fixtures>

				<fixture>
					<density>1</density>
					<friction>0.7</friction>
					<restitution>0.3</restitution>
					<filter_categoryBits>4</filter_categoryBits>
					<filter_groupIndex>0</filter_groupIndex>
					<filter_maskBits>65535</filter_maskBits>
					<fixture_type>POLYGON</fixture_type>


					<polygons>

                        <polygon>  -47.5000, 58.0000  ,  -59.5000, 67.0000  ,  -68.5000, 64.0000  ,  -69.5000, -2.0000  ,  -48.5000, 43.0000 </polygon>

                        <polygon>  62.5000, 60.0000  ,  52.5000, 65.0000  ,  -7.5000, 29.0000  ,  13.5000, -42.0000  ,  63.5000, 44.0000 </polygon>

                        <polygon>  78.5000, 1.0000  ,  76.5000, 35.0000  ,  63.5000, 44.0000  ,  13.5000, -42.0000  ,  55.5000, -26.0000 </polygon>

                        <polygon>  -69.5000, -2.0000  ,  -46.5000, -29.0000  ,  -10.5000, -42.0000  ,  13.5000, -42.0000  ,  -36.5000, 34.0000  ,  -48.5000, 43.0000 </polygon>

                        <polygon>  -7.5000, 29.0000  ,  -36.5000, 34.0000  ,  13.5000, -42.0000 </polygon>

					</polygons>

				</fixture>

			</fixtures>
		</body>

		<body name="canteen">
            <anchorpoint>0.5000,0.5000</anchorpoint>
			<fixtures>

				<fixture>
					<density>3</density>
					<friction>0.2</friction>
					<restitution>0.1</restitution>
					<filter_categoryBits>8</filter_categoryBits>
					<filter_groupIndex>0</filter_groupIndex>
					<filter_maskBits>65535</filter_maskBits>
					<fixture_type>POLYGON</fixture_type>


					<polygons>

                        <polygon>  16.5000, 60.0000  ,  -11.5000, 61.0000  ,  -14.5000, 42.0000  ,  16.5000, 41.0000 </polygon>

                        <polygon>  -32.5000, -66.0000  ,  13.5000, -64.0000  ,  34.5000, -53.0000  ,  -14.5000, 42.0000  ,  -40.5000, 21.0000  ,  -43.5000, -40.0000 </polygon>

                        <polygon>  30.5000, 34.0000  ,  16.5000, 41.0000  ,  -14.5000, 42.0000  ,  34.5000, -53.0000  ,  37.5000, 5.0000 </polygon>

                        <polygon>  -32.5000, 34.0000  ,  -40.5000, 21.0000  ,  -14.5000, 42.0000 </polygon>

					</polygons>

				</fixture>

			</fixtures>
		</body>

		<body name="hat">
            <anchorpoint>0.5000,0.5000</anchorpoint>
			<fixtures>

				<fixture>
					<density>1</density>
					<friction>0.4</friction>
					<restitution>0.15</restitution>
					<filter_categoryBits>8</filter_categoryBits>
					<filter_groupIndex>0</filter_groupIndex>
					<filter_maskBits>65535</filter_maskBits>
					<fixture_type>POLYGON</fixture_type>


					<polygons>

                        <polygon>  108.0000, -27.0000  ,  101.0000, -3.0000  ,  70.0000, 10.0000  ,  27.0000, -62.0000  ,  86.0000, -48.0000 </polygon>

                        <polygon>  54.0000, 49.0000  ,  16.0000, 64.0000  ,  -44.0000, 53.0000  ,  -61.0000, 33.0000  ,  -70.0000, 5.0000  ,  -10.0000, -62.0000  ,  27.0000, -62.0000  ,  70.0000, 10.0000 </polygon>

                        <polygon>  -103.0000, -41.0000  ,  -84.0000, -51.0000  ,  -10.0000, -62.0000  ,  -70.0000, 5.0000  ,  -108.0000, -23.0000 </polygon>

					</polygons>

				</fixture>

			</fixtures>
		</body>

		<body name="pineapple">
            <anchorpoint>0.5165,0.2603</anchorpoint>
			<fixtures>

				<fixture>
					<density>1</density>
					<friction>0.7</friction>
					<restitution>0.4</restitution>
					<filter_categoryBits>8</filter_categoryBits>
					<filter_groupIndex>0</filter_groupIndex>
					<filter_maskBits>65535</filter_maskBits>
					<fixture_type>POLYGON</fixture_type>


					<polygons>

                        <polygon>  -37.5000, 85.5000  ,  48.5000, 18.5000  ,  41.5000, 47.5000  ,  20.5000, 68.5000  ,  -17.5000, 85.5000 </polygon>

                        <polygon>  -22.5000, -61.5000  ,  21.5000, -61.5000  ,  45.5000, -35.5000  ,  48.5000, 18.5000  ,  -20.5000, 71.5000  ,  -48.5000, 19.5000  ,  -46.5000, -21.5000 </polygon>

                        <polygon>  23.5000, 134.5000  ,  8.5000, 113.5000  ,  18.5000, 94.5000 </polygon>

                        <polygon>  -25.5000, 131.5000  ,  -35.5000, 127.5000  ,  -17.5000, 85.5000  ,  -12.5000, 123.5000 </polygon>

                        <polygon>  29.5000, 97.5000  ,  18.5000, 94.5000  ,  20.5000, 68.5000 </polygon>

                        <polygon>  -7.5000, 187.5000  ,  -13.5000, 170.5000  ,  -13.5000, 133.5000  ,  0.5000, 148.5000 </polygon>

                        <polygon>  11.5000, 162.5000  ,  0.5000, 148.5000  ,  8.5000, 113.5000 </polygon>

                        <polygon>  0.5000, 148.5000  ,  -13.5000, 133.5000  ,  -12.5000, 123.5000  ,  8.5000, 113.5000 </polygon>

                        <polygon>  -12.5000, 123.5000  ,  -17.5000, 85.5000  ,  20.5000, 68.5000  ,  18.5000, 94.5000  ,  8.5000, 113.5000 </polygon>

					</polygons>

				</fixture>

			</fixtures>
		</body>

		<body name="statue">
            <anchorpoint>0.5000,0.5000</anchorpoint>
			<fixtures>

				<fixture>
					<density>1</density>
					<friction>0.7</friction>
					<restitution>0.05</restitution>
					<filter_categoryBits>8</filter_categoryBits>
					<filter_groupIndex>0</filter_groupIndex>
					<filter_maskBits>65535</filter_maskBits>
					<fixture_type>POLYGON</fixture_type>


					<polygons>

                        <polygon>  -84.0000, 106.5000  ,  -90.0000, 41.5000  ,  -87.0000, -123.5000  ,  -73.0000, -138.5000  ,  91.0000, -121.5000  ,  90.0000, 108.5000  ,  25.0000, 137.5000  ,  -61.0000, 127.5000 </polygon>

                        <polygon>  68.0000, 128.5000  ,  25.0000, 137.5000  ,  90.0000, 108.5000 </polygon>

                        <polygon>  76.0000, -138.5000  ,  91.0000, -121.5000  ,  -73.0000, -138.5000 </polygon>

					</polygons>

				</fixture>

			</fixtures>
		</body>

		<body name="monkey">
            <anchorpoint>0.5113,0.6896</anchorpoint>
			<fixtures>

				<fixture>
					<density>2</density>
					<friction>0.5</friction>
					<restitution>0.1</restitution>
					<filter_categoryBits>2</filter_categoryBits>
					<filter_groupIndex>0</filter_groupIndex>
					<filter_maskBits>65535</filter_maskBits>
					<fixture_type>CIRCLE</fixture_type>


                    <circle r="29.155" x="-1.312" y="-46.396"/>

				</fixture>

				<fixture>
					<density>2</density>
					<friction>0.5</friction>
					<restitution>0.1</restitution>
					<filter_categoryBits>2</filter_categoryBits>
					<filter_groupIndex>0</filter_groupIndex>
					<filter_maskBits>65535</filter_maskBits>
					<fixture_type>CIRCLE</fixture_type>


                    <circle r="37.000" x="-1.766" y="-2.850"/>

				</fixture>

				<fixture>
					<density>2</density>
					<friction>0.5</friction>
					<restitution>0.1</restitution>
					<filter_categoryBits>2</filter_categoryBits>
					<filter_groupIndex>0</filter_groupIndex>
					<filter_maskBits>65535</filter_maskBits>
					<fixture_type>CIRCLE</fixture_type>


                    <circle r="25.080" x="-0.580" y="-86.850"/>

				</fixture>

				<fixture>
					<density>2</density>
					<friction>0.5</friction>
					<restitution>0.1</restitution>
					<filter_categoryBits>2</filter_categoryBits>
					<filter_groupIndex>0</filter_groupIndex>
					<filter_maskBits>65528</filter_maskBits>
					<fixture_type>CIRCLE</fixture_type>


                    <circle r="6.083" x="-46.514" y="-47.161"/>

				</fixture>

				<fixture>
					<density>2</density>
					<friction>0.5</friction>
					<restitution>0.1</restitution>
					<filter_categoryBits>2</filter_categoryBits>
					<filter_groupIndex>0</filter_groupIndex>
					<filter_maskBits>65530</filter_maskBits>
					<fixture_type>CIRCLE</fixture_type>


                    <circle r="6.083" x="40.824" y="-46.069"/>

				</fixture>

			</fixtures>
		</body>

	</bodies>
	<metadata>
		<format>1</format>
		<ptm_ratio>32</ptm_ratio>
	</metadata>
</bodydef>



